St Louis Union Station Hotel,1820 Market St,Saint Louis,63103,MO,Hotels,38.6295275995313,-90.2084375636339
Drury Plaza Hotel St. Louis At The Arch,2 South 4th St,Saint Louis,63101,MO,Hotels,38.6248869,-90.188709
Hampton Inn St. Louis-Downtown At the Gateway Arch,333 Washington Ave,Saint Louis,63102,MO,Hotels,38.630049,-90.186505
Four Seasons Hotel,999 N 2nd St,Saint Louis,63102,MO,Hotels,38.6336917487084,-90.1849631515609
"Magnolia Hotel St. Louis, A Tribute Portfolio Hotel",421 N 8th St,St. Louis,63101,MO,Hotels,38.630034,-90.192202
Courtyard by Marriott St. Louis Downtown/Convention Center,823-827 Washington Ave,St. Louis,63101,MO,Hotels,38.6311557839468,-90.192405199623
Drury Inn - St Louis,201 S 20th St,St. Louis,63103,MO,Hotels,38.62802,-90.21047
The Westin St. Louis,811 Spruce St,Saint Louis,63102,MO,Hotels,38.62371,-90.19503
Hyatt Regency,315 Chestnut St,Saint Louis,63102,MO,Hotels,38.62616,-90.18771
Embassy Suites St. Louis - Downtown,610 N 7th St,Saint Louis,63101,MO,Hotels,38.6306,-90.1902237
Hilton St. Louis at the Ballpark,1 S Broadway,Saint Louis,63102,MO,Hotels,38.62518,-90.19104
Marriott St. Louis Grand,800 Washington Ave,Saint Louis,63101,MO,Hotels,38.6303999,-90.1919974
Holiday Inn St. Louis - Downtown Conv Ctr,811 N 9th St,St. Louis,63101,MO,Venues & Event Spaces,38.63304,-90.19261
Pear Tree Inn St. Louis Near Union Station,2211 Market St,Saint Louis,63103,MO,Hotels,38.6312561035156,-90.2124099731445
Napoleon's Retreat,1815 Lafayette Ave,Saint Louis,63104,MO,Bed & Breakfast,38.6141128540039,-90.2123794555664
Drury Inn & Suites St. Louis Convention Center,711 North Broadway,Saint Louis,63102,MO,Hotels,38.6312,-90.18843
Hilton St. Louis Downtown at the Arch,400 Olive St,Saint Louis,63102,MO,Hotels,38.6274545,-90.1881935
St. Louis City Center Hotel,400 S 14th St,Saint Louis,63103,MO,Hotels,38.6242,-90.20206
Hotel Ignacio,3411 Olive St,Saint Louis,63103,MO,Hotels,38.6366529017687,-90.228683128953
Courtyard by Marriott St Louis Downtown West,2340 Market Street at Jefferson,St. Louis,63103,MO,Hotels,38.630057,-90.214303
Residence Inn,525 S Jefferson Ave,Saint Louis,63103,MO,Hotels,38.6268081665039,-90.2190170288086
Moonrise Hotel,6177 Delmar In The Lp,Saint Louis,63112,MO,Hotels,38.6556869,-90.2987689
Home2 Suites by Hilton St. Louis/ Forest Park,920 S Taylor Ave,Saint Louis,63110,MO,Hotels,38.631178,-90.260228
Hotel Majestic St. Louis,1019 Pine St,Saint Louis,63101,MO,Hotels,38.6284808814526,-90.1951749622822
Drury Inn & Suites St. Louis Forest Park,2111 Sulphur Ave,Saint Louis,63139,MO,Hotels,38.61736,-90.28859
Dwell 912,912 Hickory St,Saint Louis,63104,MO,Bed & Breakfast,38.615754,-90.199215
Hampton Inn & Suites St. Louis at Forest Park,5650 Oakland Ave,Saint Louis,63110,MO,Hotels,38.629815,-90.281295
The Chase Park Plaza,212 N Kingshighway,St. Louis,63108,MO,Hotels,38.64426,-90.2645299
Soulard Residence,2222 Menard St,Saint Louis,63104,MO,Hotels,38.6053886,-90.2081375
City Place - Downtown,200 N 4th St,St. Louis,63102,MO,Hotels,38.6270213794206,-90.1881847909158
Fleur-de-Lys Mansion,3500 Russell Blvd,Saint Louis,63104,MO,Bed & Breakfast,38.6125465,-90.2380408
Lumiere Place Casino & Hotels,999 N 2nd St,St. Louis,63102,MO,Hotels,38.633428284321,-90.1844976957702
Americas Best Value Inn St. Louis Downtown,1100 Lumiere Place Blvd,Saint Louis,63102,MO,Hotels,38.6345663,-90.1854417
Holiday Inn Express St Louis - Central West End,4630 Lindell Blvd,St. Louis,63108,MO,Hotels,38.642528656985,-90.2609679996773
The Parkway Hotel,4550 Forest Park Ave,Saint Louis,63108,MO,Hotels,38.638542175293,-90.2618103027344
Park Avenue Mansion Bed and Breakfast,2007 Park Ave,Saint Louis,63104,MO,Bed & Breakfast,38.6178,-90.21368
Embassy Suites Hotel,901 N 1st St,Saint Louis,63102,MO,Hotels,38.631582185626,-90.1830634474754
Lumi√®re Place Casino and Hotel,999 N 2nd St,Saint Louis,63102,MO,Hotels,38.63285,-90.18409
Grand Center Inn,3716 Grandel Sq,Saint Louis,63103,MO,Bed & Breakfast,38.64112,-90.23351
