dname,dphone,daddress1,dfax,daddress2,ctydist,dcity1,ctydist1,dsuparea,dcounty,dcounty1,Textbox3,Textbox5,Textbox6,dzip,Tax_Levy,delemsn,delemst,delemsrs,delemsns,delemsts,dmidssn,dmidsst,dmidssrs,dmidssns,dmidssts,djrsn,djrst,djrsrs,djrsns,djrsts,dhighsn,dhighst,dhighsrs,dhighsns,dhighsts,dtotschl,dtottech,dtotres,dtotnres,dtotstu,SDLNAME,SDTITLE,SDYRSEXP,SCHNAME,SCHNAME8,SCHNAME6,SCHNAME3,SCHNAME10,SCHNAME5
St. Louis City  (115-115),Phone: 314-231-3720,801 N 11th St. ,Fax: 314-345-2661,"St. Louis, MO 63101-1401",E-mail: kelvin.adams@slps.org,,County-District Code: 115-115,Supervisory Area: A,County: St. Louis City ,MSIP: Accredited,"Congressional District: 01, 02","House District: 66 , 76 , 77 , 78 , 79 , 80 , 81 , 82 , 83 , 84 , 91 , 93 ","Senate District: 4  , 5  ",Assessed Valuation: $0,Tax Levy: $0.0000,48,"1,205","13,535",11,"13,546",7,214,"2,584",1,"2,585",1,32,301,0,301,16,727,"6,550",5,"6,555",72,"2,178","22,970",17,"22,987",,,,,,,,,
St. Louis City  (115-115),Phone: 314-231-3720,801 N 11th St. ,Fax: 314-345-2661,"St. Louis, MO 63101-1401",E-mail: kelvin.adams@slps.org,,County-District Code: 115-115,Supervisory Area: A,County: St. Louis City ,MSIP: Accredited,"Congressional District: 01, 02","House District: 66 , 76 , 77 , 78 , 79 , 80 , 81 , 82 , 83 , 84 , 91 , 93 ","Senate District: 4  , 5  ",Assessed Valuation: $0,Tax Levy: $0.0000,,,,,,,,,,,,,,,,,,,,,,,,,,Mr. Rick Sullivan,Pres. of Bd.,,,,,,,
St. Louis City  (115-115),Phone: 314-231-3720,801 N 11th St. ,Fax: 314-345-2661,"St. Louis, MO 63101-1401",E-mail: kelvin.adams@slps.org,,County-District Code: 115-115,Supervisory Area: A,County: St. Louis City ,MSIP: Accredited,"Congressional District: 01, 02","House District: 66 , 76 , 77 , 78 , 79 , 80 , 81 , 82 , 83 , 84 , 91 , 93 ","Senate District: 4  , 5  ",Assessed Valuation: $0,Tax Levy: $0.0000,,,,,,,,,,,,,,,,,,,,,,,,,,Ms. Ruth Lewis,Secy. of Bd.,,,,,,,
St. Louis City  (115-115),Phone: 314-231-3720,801 N 11th St. ,Fax: 314-345-2661,"St. Louis, MO 63101-1401",E-mail: kelvin.adams@slps.org,,County-District Code: 115-115,Supervisory Area: A,County: St. Louis City ,MSIP: Accredited,"Congressional District: 01, 02","House District: 66 , 76 , 77 , 78 , 79 , 80 , 81 , 82 , 83 , 84 , 91 , 93 ","Senate District: 4  , 5  ",Assessed Valuation: $0,Tax Levy: $0.0000,,,,,,,,,,,,,,,,,,,,,,,,,,Dr. Kelvin R Adams,Supt. ,13,,,,,,
St. Louis City  (115-115),Phone: 314-231-3720,801 N 11th St. ,Fax: 314-345-2661,"St. Louis, MO 63101-1401",E-mail: kelvin.adams@slps.org,,County-District Code: 115-115,Supervisory Area: A,County: St. Louis City ,MSIP: Accredited,"Congressional District: 01, 02","House District: 66 , 76 , 77 , 78 , 79 , 80 , 81 , 82 , 83 , 84 , 91 , 93 ","Senate District: 4  , 5  ",Assessed Valuation: $0,Tax Levy: $0.0000,,,,,,,,,,,,,,,,,,,,,,,,,,Ms. Angie Banks,Chief Fin. Off./Treas. ,12,,,,,,
St. Louis City  (115-115),Phone: 314-231-3720,801 N 11th St. ,Fax: 314-345-2661,"St. Louis, MO 63101-1401",E-mail: kelvin.adams@slps.org,,County-District Code: 115-115,Supervisory Area: A,County: St. Louis City ,MSIP: Accredited,"Congressional District: 01, 02","House District: 66 , 76 , 77 , 78 , 79 , 80 , 81 , 82 , 83 , 84 , 91 , 93 ","Senate District: 4  , 5  ",Assessed Valuation: $0,Tax Levy: $0.0000,,,,,,,,,,,,,,,,,,,,,,,,,,Mr. Stacy Clay,Deputy Supt Support Services . ,4,,,,,,
St. Louis City  (115-115),Phone: 314-231-3720,801 N 11th St. ,Fax: 314-345-2661,"St. Louis, MO 63101-1401",E-mail: kelvin.adams@slps.org,,County-District Code: 115-115,Supervisory Area: A,County: St. Louis City ,MSIP: Accredited,"Congressional District: 01, 02","House District: 66 , 76 , 77 , 78 , 79 , 80 , 81 , 82 , 83 , 84 , 91 , 93 ","Senate District: 4  , 5  ",Assessed Valuation: $0,Tax Levy: $0.0000,,,,,,,,,,,,,,,,,,,,,,,,,,Col. Lisa Taylor-Brown,Dir. Security ,29,,,,,,
St. Louis City  (115-115),Phone: 314-231-3720,801 N 11th St. ,Fax: 314-345-2661,"St. Louis, MO 63101-1401",E-mail: kelvin.adams@slps.org,,County-District Code: 115-115,Supervisory Area: A,County: St. Louis City ,MSIP: Accredited,"Congressional District: 01, 02","House District: 66 , 76 , 77 , 78 , 79 , 80 , 81 , 82 , 83 , 84 , 91 , 93 ","Senate District: 4  , 5  ",Assessed Valuation: $0,Tax Levy: $0.0000,,,,,,,,,,,,,,,,,,,,,,,,,,Ms. Melody Ellington,Dir. Bud ,3,,,,,,
St. Louis City  (115-115),Phone: 314-231-3720,801 N 11th St. ,Fax: 314-345-2661,"St. Louis, MO 63101-1401",E-mail: kelvin.adams@slps.org,,County-District Code: 115-115,Supervisory Area: A,County: St. Louis City ,MSIP: Accredited,"Congressional District: 01, 02","House District: 66 , 76 , 77 , 78 , 79 , 80 , 81 , 82 , 83 , 84 , 91 , 93 ","Senate District: 4  , 5  ",Assessed Valuation: $0,Tax Levy: $0.0000,,,,,,,,,,,,,,,,,,,,,,,,,,Ms. Paula Knight,Dir. Early Child. ,26,,,,,,
St. Louis City  (115-115),Phone: 314-231-3720,801 N 11th St. ,Fax: 314-345-2661,"St. Louis, MO 63101-1401",E-mail: kelvin.adams@slps.org,,County-District Code: 115-115,Supervisory Area: A,County: St. Louis City ,MSIP: Accredited,"Congressional District: 01, 02","House District: 66 , 76 , 77 , 78 , 79 , 80 , 81 , 82 , 83 , 84 , 91 , 93 ","Senate District: 4  , 5  ",Assessed Valuation: $0,Tax Levy: $0.0000,,,,,,,,,,,,,,,,,,,,,,,,,,Dr. Latisha Smith,Dir Teaching/Learning Supp ,14,,,,,,
St. Louis City  (115-115),Phone: 314-231-3720,801 N 11th St. ,Fax: 314-345-2661,"St. Louis, MO 63101-1401",E-mail: kelvin.adams@slps.org,,County-District Code: 115-115,Supervisory Area: A,County: St. Louis City ,MSIP: Accredited,"Congressional District: 01, 02","House District: 66 , 76 , 77 , 78 , 79 , 80 , 81 , 82 , 83 , 84 , 91 , 93 ","Senate District: 4  , 5  ",Assessed Valuation: $0,Tax Levy: $0.0000,,,,,,,,,,,,,,,,,,,,,,,,,,Ms. Karen Jones,Network Supt ,26,,,,,,
St. Louis City  (115-115),Phone: 314-231-3720,801 N 11th St. ,Fax: 314-345-2661,"St. Louis, MO 63101-1401",E-mail: kelvin.adams@slps.org,,County-District Code: 115-115,Supervisory Area: A,County: St. Louis City ,MSIP: Accredited,"Congressional District: 01, 02","House District: 66 , 76 , 77 , 78 , 79 , 80 , 81 , 82 , 83 , 84 , 91 , 93 ","Senate District: 4  , 5  ",Assessed Valuation: $0,Tax Levy: $0.0000,,,,,,,,,,,,,,,,,,,,,,,,,,Ms. Cheryl Vannoy,Deputy Supt Account/Technology ,9,,,,,,
St. Louis City  (115-115),Phone: 314-231-3720,801 N 11th St. ,Fax: 314-345-2661,"St. Louis, MO 63101-1401",E-mail: kelvin.adams@slps.org,,County-District Code: 115-115,Supervisory Area: A,County: St. Louis City ,MSIP: Accredited,"Congressional District: 01, 02","House District: 66 , 76 , 77 , 78 , 79 , 80 , 81 , 82 , 83 , 84 , 91 , 93 ","Senate District: 4  , 5  ",Assessed Valuation: $0,Tax Levy: $0.0000,,,,,,,,,,,,,,,,,,,,,,,,,,Mr. Dan Edwards,Director To/Thrugh College ,14,,,,,,
St. Louis City  (115-115),Phone: 314-231-3720,801 N 11th St. ,Fax: 314-345-2661,"St. Louis, MO 63101-1401",E-mail: kelvin.adams@slps.org,,County-District Code: 115-115,Supervisory Area: A,County: St. Louis City ,MSIP: Accredited,"Congressional District: 01, 02","House District: 66 , 76 , 77 , 78 , 79 , 80 , 81 , 82 , 83 , 84 , 91 , 93 ","Senate District: 4  , 5  ",Assessed Valuation: $0,Tax Levy: $0.0000,,,,,,,,,,,,,,,,,,,,,,,,,,Mr. Louis Kruger,Exec. Dir. Business ,21,,,,,,
St. Louis City  (115-115),Phone: 314-231-3720,801 N 11th St. ,Fax: 314-345-2661,"St. Louis, MO 63101-1401",E-mail: kelvin.adams@slps.org,,County-District Code: 115-115,Supervisory Area: A,County: St. Louis City ,MSIP: Accredited,"Congressional District: 01, 02","House District: 66 , 76 , 77 , 78 , 79 , 80 , 81 , 82 , 83 , 84 , 91 , 93 ","Senate District: 4  , 5  ",Assessed Valuation: $0,Tax Levy: $0.0000,,,,,,,,,,,,,,,,,,,,,,,,,,Ms. Candice Boyd,Director Special Education ,7,,,,,,
St. Louis City  (115-115),Phone: 314-231-3720,801 N 11th St. ,Fax: 314-345-2661,"St. Louis, MO 63101-1401",E-mail: kelvin.adams@slps.org,,County-District Code: 115-115,Supervisory Area: A,County: St. Louis City ,MSIP: Accredited,"Congressional District: 01, 02","House District: 66 , 76 , 77 , 78 , 79 , 80 , 81 , 82 , 83 , 84 , 91 , 93 ","Senate District: 4  , 5  ",Assessed Valuation: $0,Tax Levy: $0.0000,,,,,,,,,,,,,,,,,,,,,,,,,,Dr. Latisha Smith,Dir.Pd/Leadership Development ,14,,,,,,
St. Louis City  (115-115),Phone: 314-231-3720,801 N 11th St. ,Fax: 314-345-2661,"St. Louis, MO 63101-1401",E-mail: kelvin.adams@slps.org,,County-District Code: 115-115,Supervisory Area: A,County: St. Louis City ,MSIP: Accredited,"Congressional District: 01, 02","House District: 66 , 76 , 77 , 78 , 79 , 80 , 81 , 82 , 83 , 84 , 91 , 93 ","Senate District: 4  , 5  ",Assessed Valuation: $0,Tax Levy: $0.0000,,,,,,,,,,,,,,,,,,,,,,,,,,Ms. Nakia Cobb,Admin Asst To Supt ,17,,,,,,
St. Louis City  (115-115),Phone: 314-231-3720,801 N 11th St. ,Fax: 314-345-2661,"St. Louis, MO 63101-1401",E-mail: kelvin.adams@slps.org,,County-District Code: 115-115,Supervisory Area: A,County: St. Louis City ,MSIP: Accredited,"Congressional District: 01, 02","House District: 66 , 76 , 77 , 78 , 79 , 80 , 81 , 82 , 83 , 84 , 91 , 93 ","Senate District: 4  , 5  ",Assessed Valuation: $0,Tax Levy: $0.0000,,,,,,,,,,,,,,,,,,,,,,,,,,Mr.  Tba,Chief Academic Officer ,2,,,,,,
St. Louis City  (115-115),Phone: 314-231-3720,801 N 11th St. ,Fax: 314-345-2661,"St. Louis, MO 63101-1401",E-mail: kelvin.adams@slps.org,,County-District Code: 115-115,Supervisory Area: A,County: St. Louis City ,MSIP: Accredited,"Congressional District: 01, 02","House District: 66 , 76 , 77 , 78 , 79 , 80 , 81 , 82 , 83 , 84 , 91 , 93 ","Senate District: 4  , 5  ",Assessed Valuation: $0,Tax Levy: $0.0000,,,,,,,,,,,,,,,,,,,,,,,,,,Mr. Charles Burton,Interim Chief Hr Officer ,5,,,,,,
St. Louis City  (115-115),Phone: 314-231-3720,801 N 11th St. ,Fax: 314-345-2661,"St. Louis, MO 63101-1401",E-mail: kelvin.adams@slps.org,,County-District Code: 115-115,Supervisory Area: A,County: St. Louis City ,MSIP: Accredited,"Congressional District: 01, 02","House District: 66 , 76 , 77 , 78 , 79 , 80 , 81 , 82 , 83 , 84 , 91 , 93 ","Senate District: 4  , 5  ",Assessed Valuation: $0,Tax Levy: $0.0000,,,,,,,,,,,,,,,,,,,,,,,,,,Mr. Roger Cayce,Exec Dir Fax Mgnt/Bldg Cmsnr ,11,,,,,,
St. Louis City  (115-115),Phone: 314-231-3720,801 N 11th St. ,Fax: 314-345-2661,"St. Louis, MO 63101-1401",E-mail: kelvin.adams@slps.org,,County-District Code: 115-115,Supervisory Area: A,County: St. Louis City ,MSIP: Accredited,"Congressional District: 01, 02","House District: 66 , 76 , 77 , 78 , 79 , 80 , 81 , 82 , 83 , 84 , 91 , 93 ","Senate District: 4  , 5  ",Assessed Valuation: $0,Tax Levy: $0.0000,,,,,,,,,,,,,,,,,,,,,,,,,,Mr. Anthony Ruby,Network Supt ,3,,,,,,
St. Louis City  (115-115),Phone: 314-231-3720,801 N 11th St. ,Fax: 314-345-2661,"St. Louis, MO 63101-1401",E-mail: kelvin.adams@slps.org,,County-District Code: 115-115,Supervisory Area: A,County: St. Louis City ,MSIP: Accredited,"Congressional District: 01, 02","House District: 66 , 76 , 77 , 78 , 79 , 80 , 81 , 82 , 83 , 84 , 91 , 93 ","Senate District: 4  , 5  ",Assessed Valuation: $0,Tax Levy: $0.0000,,,,,,,,,,,,,,,,,,,,,,,,,,Dr. Ian Roberts,Network Supt ,3,,,,,,
St. Louis City  (115-115),Phone: 314-231-3720,801 N 11th St. ,Fax: 314-345-2661,"St. Louis, MO 63101-1401",E-mail: kelvin.adams@slps.org,,County-District Code: 115-115,Supervisory Area: A,County: St. Louis City ,MSIP: Accredited,"Congressional District: 01, 02","House District: 66 , 76 , 77 , 78 , 79 , 80 , 81 , 82 , 83 , 84 , 91 , 93 ","Senate District: 4  , 5  ",Assessed Valuation: $0,Tax Levy: $0.0000,,,,,,,,,,,,,,,,,,,,,,,,,,Mr. Jere Hochman,Network Supt ,2,,,,,,
St. Louis City  (115-115),Phone: 314-231-3720,801 N 11th St. ,Fax: 314-345-2661,"St. Louis, MO 63101-1401",E-mail: kelvin.adams@slps.org,,County-District Code: 115-115,Supervisory Area: A,County: St. Louis City ,MSIP: Accredited,"Congressional District: 01, 02","House District: 66 , 76 , 77 , 78 , 79 , 80 , 81 , 82 , 83 , 84 , 91 , 93 ","Senate District: 4  , 5  ",Assessed Valuation: $0,Tax Levy: $0.0000,,,,,,,,,,,,,,,,,,,,,,,,,,Dr. Jeanine Zitta,Network Supt ,19,,,,,,
St. Louis City  (115-115),Phone: 314-231-3720,801 N 11th St. ,Fax: 314-345-2661,"St. Louis, MO 63101-1401",E-mail: kelvin.adams@slps.org,,County-District Code: 115-115,Supervisory Area: A,County: St. Louis City ,MSIP: Accredited,"Congressional District: 01, 02","House District: 66 , 76 , 77 , 78 , 79 , 80 , 81 , 82 , 83 , 84 , 91 , 93 ","Senate District: 4  , 5  ",Assessed Valuation: $0,Tax Levy: $0.0000,,,,,,,,,,,,,,,,,,,,,,,,,,Dr. Debra Moran-Reimonenq,Network Supt ,5,,,,,,
St. Louis City  (115-115),Phone: 314-231-3720,801 N 11th St. ,Fax: 314-345-2661,"St. Louis, MO 63101-1401",E-mail: kelvin.adams@slps.org,,County-District Code: 115-115,Supervisory Area: A,County: St. Louis City ,MSIP: Accredited,"Congressional District: 01, 02","House District: 66 , 76 , 77 , 78 , 79 , 80 , 81 , 82 , 83 , 84 , 91 , 93 ","Senate District: 4  , 5  ",Assessed Valuation: $0,Tax Levy: $0.0000,,,,,,,,,,,,,,,,,,,,,,,,,,Dr. Latisha Smith,Prof. Dev. Chairperson,,,,,,,
St. Louis City  (115-115),Phone: 314-231-3720,801 N 11th St. ,Fax: 314-345-2661,"St. Louis, MO 63101-1401",E-mail: kelvin.adams@slps.org,,County-District Code: 115-115,Supervisory Area: A,County: St. Louis City ,MSIP: Accredited,"Congressional District: 01, 02","House District: 66 , 76 , 77 , 78 , 79 , 80 , 81 , 82 , 83 , 84 , 91 , 93 ","Senate District: 4  , 5  ",Assessed Valuation: $0,Tax Levy: $0.0000,,,,,,,,,,,,,,,,,,,,,,,,,,,,,Griscom Juvenile Detention Center (1015),"3847 Enright Avenue St. Louis, MO 63108-0000",Grade Span: 05-12,Phone: 314-552-2219   Fax:,Principal: Mr. David Shanks (7 years in district),E-mail: DAVID.SHANKS@SLPS.ORG
St. Louis City  (115-115),Phone: 314-231-3720,801 N 11th St. ,Fax: 314-345-2661,"St. Louis, MO 63101-1401",E-mail: kelvin.adams@slps.org,,County-District Code: 115-115,Supervisory Area: A,County: St. Louis City ,MSIP: Accredited,"Congressional District: 01, 02","House District: 66 , 76 , 77 , 78 , 79 , 80 , 81 , 82 , 83 , 84 , 91 , 93 ","Senate District: 4  , 5  ",Assessed Valuation: $0,Tax Levy: $0.0000,,,,,,,,,,,,,,,,,,,,,,,,,,,,,Educ Therap Support At Madison (1024),"118 South 7th St. St. Louis, MO 63104-0000",Grade Span:  K-08,Phone: 314-932-5711   Fax:314-244-1948,Principal: Mr. Marvin Echols (6 years in district),E-mail: MARVIN.ECHOLS@SLPS.ORG
St. Louis City  (115-115),Phone: 314-231-3720,801 N 11th St. ,Fax: 314-345-2661,"St. Louis, MO 63101-1401",E-mail: kelvin.adams@slps.org,,County-District Code: 115-115,Supervisory Area: A,County: St. Louis City ,MSIP: Accredited,"Congressional District: 01, 02","House District: 66 , 76 , 77 , 78 , 79 , 80 , 81 , 82 , 83 , 84 , 91 , 93 ","Senate District: 4  , 5  ",Assessed Valuation: $0,Tax Levy: $0.0000,,,,,,,,,,,,,,,,,,,,,,,,,,,,,Miller Career Academy (1100),"1000 N Grand St. Louis, MO 63106-1622",Grade Span: 09-12,Phone: 314-371-0394   Fax:314-371-1311,Principal: Mr. Michael Brown (19 years in district),E-mail: MICHAEL.BROWN@SLPS.ORG
St. Louis City  (115-115),Phone: 314-231-3720,801 N 11th St. ,Fax: 314-345-2661,"St. Louis, MO 63101-1401",E-mail: kelvin.adams@slps.org,,County-District Code: 115-115,Supervisory Area: A,County: St. Louis City ,MSIP: Accredited,"Congressional District: 01, 02","House District: 66 , 76 , 77 , 78 , 79 , 80 , 81 , 82 , 83 , 84 , 91 , 93 ","Senate District: 4  , 5  ",Assessed Valuation: $0,Tax Levy: $0.0000,,,,,,,,,,,,,,,,,,,,,,,,,,,,,Gateway High (1220),"5101 Mcree Avenue St. Louis, MO 63110-2019",Grade Span: 09-12,Phone: 314-776-3300   Fax:314-776-8267,Principal: Dr. Amy Phillips (12 years in district),E-mail: AMY.PHILLIPS@SLPS.ORG
St. Louis City  (115-115),Phone: 314-231-3720,801 N 11th St. ,Fax: 314-345-2661,"St. Louis, MO 63101-1401",E-mail: kelvin.adams@slps.org,,County-District Code: 115-115,Supervisory Area: A,County: St. Louis City ,MSIP: Accredited,"Congressional District: 01, 02","House District: 66 , 76 , 77 , 78 , 79 , 80 , 81 , 82 , 83 , 84 , 91 , 93 ","Senate District: 4  , 5  ",Assessed Valuation: $0,Tax Levy: $0.0000,,,,,,,,,,,,,,,,,,,,,,,,,,,,,Community Access Job Training (1222),"4915 Donovan Avenue St. Louis, MO 63109-2631",Grade Span: 08-12,Phone: 314-481-4095   Fax:314-481-4220,Principal: Ms. Kimberly Long (11 years in district),E-mail: KIMBERLY.LONG@SLPS.ORG
St. Louis City  (115-115),Phone: 314-231-3720,801 N 11th St. ,Fax: 314-345-2661,"St. Louis, MO 63101-1401",E-mail: kelvin.adams@slps.org,,County-District Code: 115-115,Supervisory Area: A,County: St. Louis City ,MSIP: Accredited,"Congressional District: 01, 02","House District: 66 , 76 , 77 , 78 , 79 , 80 , 81 , 82 , 83 , 84 , 91 , 93 ","Senate District: 4  , 5  ",Assessed Valuation: $0,Tax Levy: $0.0000,,,,,,,,,,,,,,,,,,,,,,,,,,,,,Beaumont Cte High School (1250),"3836 Natural Bridge Avenue St. Louis, MO 63107-2003",Grade Span: 09-12,Phone: 314-533-2410   Fax:314-535-0786,Principal: Ms. Felita Williams (10 years in district),E-mail: FELITA.WILLIAMS@SLPS.ORG
St. Louis City  (115-115),Phone: 314-231-3720,801 N 11th St. ,Fax: 314-345-2661,"St. Louis, MO 63101-1401",E-mail: kelvin.adams@slps.org,,County-District Code: 115-115,Supervisory Area: A,County: St. Louis City ,MSIP: Accredited,"Congressional District: 01, 02","House District: 66 , 76 , 77 , 78 , 79 , 80 , 81 , 82 , 83 , 84 , 91 , 93 ","Senate District: 4  , 5  ",Assessed Valuation: $0,Tax Levy: $0.0000,,,,,,,,,,,,,,,,,,,,,,,,,,,,,Cleveland Njrotc Academy (1440),"3125 S Kingshighway St. Louis, MO 63139-3404",Grade Span: 09-12,Phone: 314-776-1301   Fax:314-231-4895,Principal: Dr. Shearing C Victoria (11 years in district),E-mail: VICTORIA.SHEARING@SLPS.ORG
St. Louis City  (115-115),Phone: 314-231-3720,801 N 11th St. ,Fax: 314-345-2661,"St. Louis, MO 63101-1401",E-mail: kelvin.adams@slps.org,,County-District Code: 115-115,Supervisory Area: A,County: St. Louis City ,MSIP: Accredited,"Congressional District: 01, 02","House District: 66 , 76 , 77 , 78 , 79 , 80 , 81 , 82 , 83 , 84 , 91 , 93 ","Senate District: 4  , 5  ",Assessed Valuation: $0,Tax Levy: $0.0000,,,,,,,,,,,,,,,,,,,,,,,,,,,,,Carnahan School Of The Future (1500),"4041 S Broadway St. Louis, MO 63118-4603",Grade Span: 09-12,Phone: 314-457-0582   Fax:314-457-9741,Principal: Dr. Renee Racette (13 years in district),E-mail: RENEE.RACETTE@SLPS.ORG
St. Louis City  (115-115),Phone: 314-231-3720,801 N 11th St. ,Fax: 314-345-2661,"St. Louis, MO 63101-1401",E-mail: kelvin.adams@slps.org,,County-District Code: 115-115,Supervisory Area: A,County: St. Louis City ,MSIP: Accredited,"Congressional District: 01, 02","House District: 66 , 76 , 77 , 78 , 79 , 80 , 81 , 82 , 83 , 84 , 91 , 93 ","Senate District: 4  , 5  ",Assessed Valuation: $0,Tax Levy: $0.0000,,,,,,,,,,,,,,,,,,,,,,,,,,,,,Collegiate School Of Med/Bio (1510),"1547 S. Theresa Av St. Louis, MO 63104-0000",Grade Span: 09-12,Phone: 314-696-2290   Fax:,Principal: Mr. Frederick Steele (4 years in district),E-mail: FREDERICK.STEELE@SLPS.ORG
St. Louis City  (115-115),Phone: 314-231-3720,801 N 11th St. ,Fax: 314-345-2661,"St. Louis, MO 63101-1401",E-mail: kelvin.adams@slps.org,,County-District Code: 115-115,Supervisory Area: A,County: St. Louis City ,MSIP: Accredited,"Congressional District: 01, 02","House District: 66 , 76 , 77 , 78 , 79 , 80 , 81 , 82 , 83 , 84 , 91 , 93 ","Senate District: 4  , 5  ",Assessed Valuation: $0,Tax Levy: $0.0000,,,,,,,,,,,,,,,,,,,,,,,,,,,,,Transportation and Law (1540),"5140 Riverview Boulevard St. Louis, MO 63120-1908",Grade Span: 09-12,Phone: 314-385-4774   Fax:314-385-3651,Principal: Ms. Valerie D Carter-Thomas (23 years in district),E-mail: VALERIE.CARTER@SLPS.ORG
St. Louis City  (115-115),Phone: 314-231-3720,801 N 11th St. ,Fax: 314-345-2661,"St. Louis, MO 63101-1401",E-mail: kelvin.adams@slps.org,,County-District Code: 115-115,Supervisory Area: A,County: St. Louis City ,MSIP: Accredited,"Congressional District: 01, 02","House District: 66 , 76 , 77 , 78 , 79 , 80 , 81 , 82 , 83 , 84 , 91 , 93 ","Senate District: 4  , 5  ",Assessed Valuation: $0,Tax Levy: $0.0000,,,,,,,,,,,,,,,,,,,,,,,,,,,,,Metro High (1560),"4015 Mcpherson Avenue St. Louis, MO 63108-3117",Grade Span: 09-12,Phone: 314-534-3894   Fax:314-531-4894,Principal: Mr. Steven D Lawler (2 years in district),E-mail: STEVEN.LAWLER@SLPS.ORG
St. Louis City  (115-115),Phone: 314-231-3720,801 N 11th St. ,Fax: 314-345-2661,"St. Louis, MO 63101-1401",E-mail: kelvin.adams@slps.org,,County-District Code: 115-115,Supervisory Area: A,County: St. Louis City ,MSIP: Accredited,"Congressional District: 01, 02","House District: 66 , 76 , 77 , 78 , 79 , 80 , 81 , 82 , 83 , 84 , 91 , 93 ","Senate District: 4  , 5  ",Assessed Valuation: $0,Tax Levy: $0.0000,,,,,,,,,,,,,,,,,,,,,,,,,,,,,Mckinley Class. Leadership Ac. (1570),"2156 Russell Boulevard St. Louis, MO 63104-2607",Grade Span: 06-12,Phone: 314-773-0027   Fax:314-771-9749,Principal: Mr. Stephen D Warmacksr (4 years in district),E-mail: STEPHEN WARMACKSR.@SLPS.ORG
St. Louis City  (115-115),Phone: 314-231-3720,801 N 11th St. ,Fax: 314-345-2661,"St. Louis, MO 63101-1401",E-mail: kelvin.adams@slps.org,,County-District Code: 115-115,Supervisory Area: A,County: St. Louis City ,MSIP: Accredited,"Congressional District: 01, 02","House District: 66 , 76 , 77 , 78 , 79 , 80 , 81 , 82 , 83 , 84 , 91 , 93 ","Senate District: 4  , 5  ",Assessed Valuation: $0,Tax Levy: $0.0000,,,,,,,,,,,,,,,,,,,,,,,,,,,,,Roosevelt High (1680),"3230 Hartford St. St. Louis, MO 63118-2106",Grade Span: 09-12,Phone: 314-776-6040   Fax:314-776-0152,Principal: Mr. Joshua J Henning (19 years in district),E-mail: JOSHUA.HENNING@SLPS.ORG
St. Louis City  (115-115),Phone: 314-231-3720,801 N 11th St. ,Fax: 314-345-2661,"St. Louis, MO 63101-1401",E-mail: kelvin.adams@slps.org,,County-District Code: 115-115,Supervisory Area: A,County: St. Louis City ,MSIP: Accredited,"Congressional District: 01, 02","House District: 66 , 76 , 77 , 78 , 79 , 80 , 81 , 82 , 83 , 84 , 91 , 93 ","Senate District: 4  , 5  ",Assessed Valuation: $0,Tax Levy: $0.0000,,,,,,,,,,,,,,,,,,,,,,,,,,,,,Soldan International Studies (1730),"918 N Union Boulevard St. Louis, MO 63108-1089",Grade Span: 09-12,Phone: 314-367-9222   Fax:314-367-1898,Principal: Dr. Thomas B Cason (34 years in district),E-mail: THOMAS.CASON@SLPS.ORG
St. Louis City  (115-115),Phone: 314-231-3720,801 N 11th St. ,Fax: 314-345-2661,"St. Louis, MO 63101-1401",E-mail: kelvin.adams@slps.org,,County-District Code: 115-115,Supervisory Area: A,County: St. Louis City ,MSIP: Accredited,"Congressional District: 01, 02","House District: 66 , 76 , 77 , 78 , 79 , 80 , 81 , 82 , 83 , 84 , 91 , 93 ","Senate District: 4  , 5  ",Assessed Valuation: $0,Tax Levy: $0.0000,,,,,,,,,,,,,,,,,,,,,,,,,,,,,Sumner High (1800),"4248 Cottage Avenue St. Louis, MO 63113-2545",Grade Span: 09-12,Phone: 314-371-1048   Fax:314-531-9852,Principal: Dr. Michael Triplett (8 years in district),E-mail: MICHAEL.TRIPLETT@SLPS.ORG
St. Louis City  (115-115),Phone: 314-231-3720,801 N 11th St. ,Fax: 314-345-2661,"St. Louis, MO 63101-1401",E-mail: kelvin.adams@slps.org,,County-District Code: 115-115,Supervisory Area: A,County: St. Louis City ,MSIP: Accredited,"Congressional District: 01, 02","House District: 66 , 76 , 77 , 78 , 79 , 80 , 81 , 82 , 83 , 84 , 91 , 93 ","Senate District: 4  , 5  ",Assessed Valuation: $0,Tax Levy: $0.0000,,,,,,,,,,,,,,,,,,,,,,,,,,,,,Vashon High (1830),"3035 Cass Avenue St. Louis, MO 63106-1533",Grade Span: 09-12,Phone: 314-533-9487   Fax:314-533-7540,Principal: Ms. June Berry (20 years in district),E-mail: JUNE.BERRY@SLPS.ORG
St. Louis City  (115-115),Phone: 314-231-3720,801 N 11th St. ,Fax: 314-345-2661,"St. Louis, MO 63101-1401",E-mail: kelvin.adams@slps.org,,County-District Code: 115-115,Supervisory Area: A,County: St. Louis City ,MSIP: Accredited,"Congressional District: 01, 02","House District: 66 , 76 , 77 , 78 , 79 , 80 , 81 , 82 , 83 , 84 , 91 , 93 ","Senate District: 4  , 5  ",Assessed Valuation: $0,Tax Levy: $0.0000,,,,,,,,,,,,,,,,,,,,,,,,,,,,,Central Visual/Perf. Arts High (1860),"3125 S Kingshighway Boulevard St. Louis, MO 63139-1027",Grade Span: 09-12,Phone: 314-771-2772   Fax:314-771-0135,Principal: Dr. Kacy Seals (6 years in district),E-mail: KACY.SEALS@SLPS.ORG
St. Louis City  (115-115),Phone: 314-231-3720,801 N 11th St. ,Fax: 314-345-2661,"St. Louis, MO 63101-1401",E-mail: kelvin.adams@slps.org,,County-District Code: 115-115,Supervisory Area: A,County: St. Louis City ,MSIP: Accredited,"Congressional District: 01, 02","House District: 66 , 76 , 77 , 78 , 79 , 80 , 81 , 82 , 83 , 84 , 91 , 93 ","Senate District: 4  , 5  ",Assessed Valuation: $0,Tax Levy: $0.0000,,,,,,,,,,,,,,,,,,,,,,,,,,,,,Yeatman-Liddell Middle School (2080),"4265 Athlone Avenue St. Louis, MO 63115-3008",Grade Span: 06-08,Phone: 314-261-8132   Fax:314-389-4613,Principal: Dr. Leslie Bonner (5 years in district),E-mail: LESLIE.BONNER@SLPS.ORG
St. Louis City  (115-115),Phone: 314-231-3720,801 N 11th St. ,Fax: 314-345-2661,"St. Louis, MO 63101-1401",E-mail: kelvin.adams@slps.org,,County-District Code: 115-115,Supervisory Area: A,County: St. Louis City ,MSIP: Accredited,"Congressional District: 01, 02","House District: 66 , 76 , 77 , 78 , 79 , 80 , 81 , 82 , 83 , 84 , 91 , 93 ","Senate District: 4  , 5  ",Assessed Valuation: $0,Tax Levy: $0.0000,,,,,,,,,,,,,,,,,,,,,,,,,,,,,Busch Ms Character & Athletics (3050),"5910 Clifton Avenue St. Louis, MO 63109-3407",Grade Span: 06-08,Phone: 314-352-1043   Fax:314-352-3685,Principal: Mr. Robert E Lescher (20 years in district),E-mail: ROBERT.LESCHER@SLPS.ORG
St. Louis City  (115-115),Phone: 314-231-3720,801 N 11th St. ,Fax: 314-345-2661,"St. Louis, MO 63101-1401",E-mail: kelvin.adams@slps.org,,County-District Code: 115-115,Supervisory Area: A,County: St. Louis City ,MSIP: Accredited,"Congressional District: 01, 02","House District: 66 , 76 , 77 , 78 , 79 , 80 , 81 , 82 , 83 , 84 , 91 , 93 ","Senate District: 4  , 5  ",Assessed Valuation: $0,Tax Levy: $0.0000,,,,,,,,,,,,,,,,,,,,,,,,,,,,,Carr Lane Vpa Middle (3070),"1004 N Jefferson Avenue St. Louis, MO 63106-2203",Grade Span: 06-08,Phone: 314-231-0413   Fax:314-241-1213,Principal: Mr. Barrett Taylor (13 years in district),E-mail: BARRETT.TAYLOR@SLPS.ORG
St. Louis City  (115-115),Phone: 314-231-3720,801 N 11th St. ,Fax: 314-345-2661,"St. Louis, MO 63101-1401",E-mail: kelvin.adams@slps.org,,County-District Code: 115-115,Supervisory Area: A,County: St. Louis City ,MSIP: Accredited,"Congressional District: 01, 02","House District: 66 , 76 , 77 , 78 , 79 , 80 , 81 , 82 , 83 , 84 , 91 , 93 ","Senate District: 4  , 5  ",Assessed Valuation: $0,Tax Levy: $0.0000,,,,,,,,,,,,,,,,,,,,,,,,,,,,,Fanning Middle Community Ed. (3140),"3417 Grace Avenue St. Louis, MO 63116-4710",Grade Span: 06-08,Phone: 314-772-1038   Fax:314-772-0437,Principal: Ms. Lisa M Brown (22 years in district),E-mail: LISA.BROWN@SLPS.ORG
St. Louis City  (115-115),Phone: 314-231-3720,801 N 11th St. ,Fax: 314-345-2661,"St. Louis, MO 63101-1401",E-mail: kelvin.adams@slps.org,,County-District Code: 115-115,Supervisory Area: A,County: St. Louis City ,MSIP: Accredited,"Congressional District: 01, 02","House District: 66 , 76 , 77 , 78 , 79 , 80 , 81 , 82 , 83 , 84 , 91 , 93 ","Senate District: 4  , 5  ",Assessed Valuation: $0,Tax Levy: $0.0000,,,,,,,,,,,,,,,,,,,,,,,,,,,,,Gateway Middle (3230),"1200 N Jefferson Avenue St. Louis, MO 63106-2131",Grade Span: 06-08,Phone: 314-241-2295   Fax:314-241-7698,Principal: Ms. Nakia King (3 years in district),E-mail: NAKIA.KING@SLPS.ORG
St. Louis City  (115-115),Phone: 314-231-3720,801 N 11th St. ,Fax: 314-345-2661,"St. Louis, MO 63101-1401",E-mail: kelvin.adams@slps.org,,County-District Code: 115-115,Supervisory Area: A,County: St. Louis City ,MSIP: Accredited,"Congressional District: 01, 02","House District: 66 , 76 , 77 , 78 , 79 , 80 , 81 , 82 , 83 , 84 , 91 , 93 ","Senate District: 4  , 5  ",Assessed Valuation: $0,Tax Levy: $0.0000,,,,,,,,,,,,,,,,,,,,,,,,,,,,,Acad Of Envt Sci/Math Middle (3250),"3021 Hickey St. St. Louis, MO 63104-0000",Grade Span: 06-08,Phone: 314-932-1465   Fax:,Principal: Mr. Ceandre Perry (8 years in district),E-mail: CEANDRE.PERRY@SLPS.ORG
St. Louis City  (115-115),Phone: 314-231-3720,801 N 11th St. ,Fax: 314-345-2661,"St. Louis, MO 63101-1401",E-mail: kelvin.adams@slps.org,,County-District Code: 115-115,Supervisory Area: A,County: St. Louis City ,MSIP: Accredited,"Congressional District: 01, 02","House District: 66 , 76 , 77 , 78 , 79 , 80 , 81 , 82 , 83 , 84 , 91 , 93 ","Senate District: 4  , 5  ",Assessed Valuation: $0,Tax Levy: $0.0000,,,,,,,,,,,,,,,,,,,,,,,,,,,,,Long Middle Community Ed. Center (3260),"5028 Morganford Road St. Louis, MO 63116-2311",Grade Span: 06-08,Phone: 314-481-3440   Fax:314-481-7329,Principal: Mr. Steven Mathes (16 years in district),E-mail: STEVEN.MATHES@SLPS.ORG
St. Louis City  (115-115),Phone: 314-231-3720,801 N 11th St. ,Fax: 314-345-2661,"St. Louis, MO 63101-1401",E-mail: kelvin.adams@slps.org,,County-District Code: 115-115,Supervisory Area: A,County: St. Louis City ,MSIP: Accredited,"Congressional District: 01, 02","House District: 66 , 76 , 77 , 78 , 79 , 80 , 81 , 82 , 83 , 84 , 91 , 93 ","Senate District: 4  , 5  ",Assessed Valuation: $0,Tax Levy: $0.0000,,,,,,,,,,,,,,,,,,,,,,,,,,,,,Compton-Drew Ilc Middle (3390),"5130 Oakland Avenue St. Louis, MO 63110-1406",Grade Span: 06-08,Phone: 314-652-9282   Fax:314-652-9371,Principal: Ms. Susan J Reid (12 years in district),E-mail: SUSAN.REID@SLPS.ORG
St. Louis City  (115-115),Phone: 314-231-3720,801 N 11th St. ,Fax: 314-345-2661,"St. Louis, MO 63101-1401",E-mail: kelvin.adams@slps.org,,County-District Code: 115-115,Supervisory Area: A,County: St. Louis City ,MSIP: Accredited,"Congressional District: 01, 02","House District: 66 , 76 , 77 , 78 , 79 , 80 , 81 , 82 , 83 , 84 , 91 , 93 ","Senate District: 4  , 5  ",Assessed Valuation: $0,Tax Levy: $0.0000,,,,,,,,,,,,,,,,,,,,,,,,,,,,,Adams Elem. (4000),"1311 Tower Grove Avenue St. Louis, MO 63110-3837",Grade Span: PK-06,Phone: 314-535-3910   Fax:314-535-3949,Principal: Ms. Felecia Miller (18 years in district),E-mail: FELECIA.MILLER@SLPS.ORG
St. Louis City  (115-115),Phone: 314-231-3720,801 N 11th St. ,Fax: 314-345-2661,"St. Louis, MO 63101-1401",E-mail: kelvin.adams@slps.org,,County-District Code: 115-115,Supervisory Area: A,County: St. Louis City ,MSIP: Accredited,"Congressional District: 01, 02","House District: 66 , 76 , 77 , 78 , 79 , 80 , 81 , 82 , 83 , 84 , 91 , 93 ","Senate District: 4  , 5  ",Assessed Valuation: $0,Tax Levy: $0.0000,,,,,,,,,,,,,,,,,,,,,,,,,,,,,Ashland Elem. and Br. (4060),"3921 N Newstead St. Louis, MO 63115-2748",Grade Span: PK-06,Phone: 314-385-4767   Fax:314-385-6129,Principal: Ms. Paula Boddie (29 years in district),E-mail: PAULA.BODDIE@SLPS.ORG
St. Louis City  (115-115),Phone: 314-231-3720,801 N 11th St. ,Fax: 314-345-2661,"St. Louis, MO 63101-1401",E-mail: kelvin.adams@slps.org,,County-District Code: 115-115,Supervisory Area: A,County: St. Louis City ,MSIP: Accredited,"Congressional District: 01, 02","House District: 66 , 76 , 77 , 78 , 79 , 80 , 81 , 82 , 83 , 84 , 91 , 93 ","Senate District: 4  , 5  ",Assessed Valuation: $0,Tax Levy: $0.0000,,,,,,,,,,,,,,,,,,,,,,,,,,,,,Bryan Hill Elem. (4180),"4342 Aldine St. Louis, MO 63113-2702",Grade Span: PK-05,Phone: 314-534-0370   Fax:314-535-7864,Principal: Dr. Sarah Briscoe (20 years in district),E-mail: SARAH.BRISCOE@SLPS.ORG
St. Louis City  (115-115),Phone: 314-231-3720,801 N 11th St. ,Fax: 314-345-2661,"St. Louis, MO 63101-1401",E-mail: kelvin.adams@slps.org,,County-District Code: 115-115,Supervisory Area: A,County: St. Louis City ,MSIP: Accredited,"Congressional District: 01, 02","House District: 66 , 76 , 77 , 78 , 79 , 80 , 81 , 82 , 83 , 84 , 91 , 93 ","Senate District: 4  , 5  ",Assessed Valuation: $0,Tax Levy: $0.0000,,,,,,,,,,,,,,,,,,,,,,,,,,,,,Buder Elem. (4200),"5319 Lansdowne Avenue St. Louis, MO 63109-2311",Grade Span: PK-05,Phone: 314-352-4343   Fax:314-352-3150,Principal: Ms. Anna Russell (7 years in district),E-mail: ANNA.RUSSELL@SLPS.ORG
St. Louis City  (115-115),Phone: 314-231-3720,801 N 11th St. ,Fax: 314-345-2661,"St. Louis, MO 63101-1401",E-mail: kelvin.adams@slps.org,,County-District Code: 115-115,Supervisory Area: A,County: St. Louis City ,MSIP: Accredited,"Congressional District: 01, 02","House District: 66 , 76 , 77 , 78 , 79 , 80 , 81 , 82 , 83 , 84 , 91 , 93 ","Senate District: 4  , 5  ",Assessed Valuation: $0,Tax Levy: $0.0000,,,,,,,,,,,,,,,,,,,,,,,,,,,,,Ames Visual/Perf. Arts (4250),"2900 Hadley St. Louis, MO 63107-3911",Grade Span: PK-05,Phone: 314-241-7165   Fax:314-231-1607,Principal: Ms. Javeeta M Parks-Prince (21 years in district),E-mail: JAVETTA.PARKS@SLPS.ORG
St. Louis City  (115-115),Phone: 314-231-3720,801 N 11th St. ,Fax: 314-345-2661,"St. Louis, MO 63101-1401",E-mail: kelvin.adams@slps.org,,County-District Code: 115-115,Supervisory Area: A,County: St. Louis City ,MSIP: Accredited,"Congressional District: 01, 02","House District: 66 , 76 , 77 , 78 , 79 , 80 , 81 , 82 , 83 , 84 , 91 , 93 ","Senate District: 4  , 5  ",Assessed Valuation: $0,Tax Levy: $0.0000,,,,,,,,,,,,,,,,,,,,,,,,,,,,,Clay Elem. (4360),"3820 N 14th St. St. Louis, MO 63107-2928",Grade Span: PK-05,Phone: 314-231-9608   Fax:314-231-1660,Principal: Dr. Lanor T Payne (3 years in district),E-mail: LANOR.PAYNE@SLPS.ORG
St. Louis City  (115-115),Phone: 314-231-3720,801 N 11th St. ,Fax: 314-345-2661,"St. Louis, MO 63101-1401",E-mail: kelvin.adams@slps.org,,County-District Code: 115-115,Supervisory Area: A,County: St. Louis City ,MSIP: Accredited,"Congressional District: 01, 02","House District: 66 , 76 , 77 , 78 , 79 , 80 , 81 , 82 , 83 , 84 , 91 , 93 ","Senate District: 4  , 5  ",Assessed Valuation: $0,Tax Levy: $0.0000,,,,,,,,,,,,,,,,,,,,,,,,,,,,,Cole Elem. (4400),"3935 Enright Avenue St. Louis, MO 63108-3559",Grade Span: PK-08,Phone: 314-533-0894   Fax:314-533-4509,Principal: Mr. Sean Nichols (23 years in district),E-mail: SEAN.NICHOLS@SLPS.ORG
St. Louis City  (115-115),Phone: 314-231-3720,801 N 11th St. ,Fax: 314-345-2661,"St. Louis, MO 63101-1401",E-mail: kelvin.adams@slps.org,,County-District Code: 115-115,Supervisory Area: A,County: St. Louis City ,MSIP: Accredited,"Congressional District: 01, 02","House District: 66 , 76 , 77 , 78 , 79 , 80 , 81 , 82 , 83 , 84 , 91 , 93 ","Senate District: 4  , 5  ",Assessed Valuation: $0,Tax Levy: $0.0000,,,,,,,,,,,,,,,,,,,,,,,,,,,,,Columbia Elem. Comm. Ed. Center (4420),"3120 St. Louis Avenue St. Louis, MO 63106-1122",Grade Span: PK-06,Phone: 314-533-2750   Fax:314-534-4062,Principal: Ms. Deshonda Payton (3 years in district),E-mail: DESHONDA.PAYTON@SLPS.ORG
St. Louis City  (115-115),Phone: 314-231-3720,801 N 11th St. ,Fax: 314-345-2661,"St. Louis, MO 63101-1401",E-mail: kelvin.adams@slps.org,,County-District Code: 115-115,Supervisory Area: A,County: St. Louis City ,MSIP: Accredited,"Congressional District: 01, 02","House District: 66 , 76 , 77 , 78 , 79 , 80 , 81 , 82 , 83 , 84 , 91 , 93 ","Senate District: 4  , 5  ",Assessed Valuation: $0,Tax Levy: $0.0000,,,,,,,,,,,,,,,,,,,,,,,,,,,,,Dewey School-Internat'L. Studies (4470),"815 Ann Avenue St. Louis, MO 63104-4134",Grade Span: PK-05,Phone: 314-645-4845   Fax:314-645-5926,Principal: Mr. Andrew Donovan (11 years in district),E-mail: ANDREW.DONOVAN@SLPS.ORG
St. Louis City  (115-115),Phone: 314-231-3720,801 N 11th St. ,Fax: 314-345-2661,"St. Louis, MO 63101-1401",E-mail: kelvin.adams@slps.org,,County-District Code: 115-115,Supervisory Area: A,County: St. Louis City ,MSIP: Accredited,"Congressional District: 01, 02","House District: 66 , 76 , 77 , 78 , 79 , 80 , 81 , 82 , 83 , 84 , 91 , 93 ","Senate District: 4  , 5  ",Assessed Valuation: $0,Tax Levy: $0.0000,,,,,,,,,,,,,,,,,,,,,,,,,,,,,Dunbar and Br. (4480),"1415 N Garrison Avenue St. Louis, MO 63106-1506",Grade Span: PK-06,Phone: 314-533-2526   Fax:314-533-0269,Principal: Mr. Anthony Virdure (23 years in district),E-mail: ANTHONY.VIRDURE@SLPS.ORG
St. Louis City  (115-115),Phone: 314-231-3720,801 N 11th St. ,Fax: 314-345-2661,"St. Louis, MO 63101-1401",E-mail: kelvin.adams@slps.org,,County-District Code: 115-115,Supervisory Area: A,County: St. Louis City ,MSIP: Accredited,"Congressional District: 01, 02","House District: 66 , 76 , 77 , 78 , 79 , 80 , 81 , 82 , 83 , 84 , 91 , 93 ","Senate District: 4  , 5  ",Assessed Valuation: $0,Tax Levy: $0.0000,,,,,,,,,,,,,,,,,,,,,,,,,,,,,Farragut Elem. (4580),"4025 Sullivan Avenue St. Louis, MO 63107-2024",Grade Span: PK-06,Phone: 314-531-1198   Fax:314-531-5356,Principal: Ms. Patricia Cox (35 years in district),E-mail: PATRICIA.COX@SLPS.ORG
St. Louis City  (115-115),Phone: 314-231-3720,801 N 11th St. ,Fax: 314-345-2661,"St. Louis, MO 63101-1401",E-mail: kelvin.adams@slps.org,,County-District Code: 115-115,Supervisory Area: A,County: St. Louis City ,MSIP: Accredited,"Congressional District: 01, 02","House District: 66 , 76 , 77 , 78 , 79 , 80 , 81 , 82 , 83 , 84 , 91 , 93 ","Senate District: 4  , 5  ",Assessed Valuation: $0,Tax Levy: $0.0000,,,,,,,,,,,,,,,,,,,,,,,,,,,,,Ford-Ford Br. Elem. Comm. Ed. (4630),"1383 Clara Avenue St. Louis, MO 63112-4138",Grade Span: PK-06,Phone: 314-383-0836   Fax:314-383-0887,Principal: Ms. Michelle Mcdaniel (2 years in district),E-mail: MICHELLE.MCDANIEL@SLPS.ORG
St. Louis City  (115-115),Phone: 314-231-3720,801 N 11th St. ,Fax: 314-345-2661,"St. Louis, MO 63101-1401",E-mail: kelvin.adams@slps.org,,County-District Code: 115-115,Supervisory Area: A,County: St. Louis City ,MSIP: Accredited,"Congressional District: 01, 02","House District: 66 , 76 , 77 , 78 , 79 , 80 , 81 , 82 , 83 , 84 , 91 , 93 ","Senate District: 4  , 5  ",Assessed Valuation: $0,Tax Levy: $0.0000,,,,,,,,,,,,,,,,,,,,,,,,,,,,,Froebel Elem. (4660),"3709 Nebraska Avenue St. Louis, MO 63118-3797",Grade Span: PK-05,Phone: 314-771-3533   Fax:314-771-3590,Principal: Ms. Mamie E Womack (43 years in district),E-mail: MAMIE.WOMACK@SLPS.ORG
St. Louis City  (115-115),Phone: 314-231-3720,801 N 11th St. ,Fax: 314-345-2661,"St. Louis, MO 63101-1401",E-mail: kelvin.adams@slps.org,,County-District Code: 115-115,Supervisory Area: A,County: St. Louis City ,MSIP: Accredited,"Congressional District: 01, 02","House District: 66 , 76 , 77 , 78 , 79 , 80 , 81 , 82 , 83 , 84 , 91 , 93 ","Senate District: 4  , 5  ",Assessed Valuation: $0,Tax Levy: $0.0000,,,,,,,,,,,,,,,,,,,,,,,,,,,,,Gateway Elem. (4730),"4 Gateway Drive St. Louis, MO 63106-2131",Grade Span: PK-05,Phone: 314-241-8255   Fax:314-241-3159,Principal: Dr. Rose Mary Howard (34 years in district),E-mail: ROSE.HOWARD@SLPS.ORG
St. Louis City  (115-115),Phone: 314-231-3720,801 N 11th St. ,Fax: 314-345-2661,"St. Louis, MO 63101-1401",E-mail: kelvin.adams@slps.org,,County-District Code: 115-115,Supervisory Area: A,County: St. Louis City ,MSIP: Accredited,"Congressional District: 01, 02","House District: 66 , 76 , 77 , 78 , 79 , 80 , 81 , 82 , 83 , 84 , 91 , 93 ","Senate District: 4  , 5  ",Assessed Valuation: $0,Tax Levy: $0.0000,,,,,,,,,,,,,,,,,,,,,,,,,,,,,Hamilton Elem. Community Ed. (4780),"4160 N Kingshighway St. Louis, MO 63115-1725",Grade Span: PK-05,Phone: 314-367-0552   Fax:314-367-2392,Principal: Ms. Starlett Frenchie (14 years in district),E-mail: STARLETT.FRENCHIE@SLPS.ORG
St. Louis City  (115-115),Phone: 314-231-3720,801 N 11th St. ,Fax: 314-345-2661,"St. Louis, MO 63101-1401",E-mail: kelvin.adams@slps.org,,County-District Code: 115-115,Supervisory Area: A,County: St. Louis City ,MSIP: Accredited,"Congressional District: 01, 02","House District: 66 , 76 , 77 , 78 , 79 , 80 , 81 , 82 , 83 , 84 , 91 , 93 ","Senate District: 4  , 5  ",Assessed Valuation: $0,Tax Levy: $0.0000,,,,,,,,,,,,,,,,,,,,,,,,,,,,,Henry Elem. (4880),"1220 N Tenth St. St. Louis, MO 63106-4636",Grade Span: PK-06,Phone: 314-231-7284   Fax:314-231-0232,Principal: Mr. Colby Heckendorn (8 years in district),E-mail: COLBY.HECKENDORN@SLPS.ORG
St. Louis City  (115-115),Phone: 314-231-3720,801 N 11th St. ,Fax: 314-345-2661,"St. Louis, MO 63101-1401",E-mail: kelvin.adams@slps.org,,County-District Code: 115-115,Supervisory Area: A,County: St. Louis City ,MSIP: Accredited,"Congressional District: 01, 02","House District: 66 , 76 , 77 , 78 , 79 , 80 , 81 , 82 , 83 , 84 , 91 , 93 ","Senate District: 4  , 5  ",Assessed Valuation: $0,Tax Levy: $0.0000,,,,,,,,,,,,,,,,,,,,,,,,,,,,,Hickey Elem. (4890),"3111 Cora Avenue St. Louis, MO 63115-2304",Grade Span: PK-05,Phone: 314-383-2550   Fax:314-383-5164,Principal: Ms. Phyllis L Miller (19 years in district),E-mail: PHYLLIS.MILLER@SLPS.ORG
St. Louis City  (115-115),Phone: 314-231-3720,801 N 11th St. ,Fax: 314-345-2661,"St. Louis, MO 63101-1401",E-mail: kelvin.adams@slps.org,,County-District Code: 115-115,Supervisory Area: A,County: St. Louis City ,MSIP: Accredited,"Congressional District: 01, 02","House District: 66 , 76 , 77 , 78 , 79 , 80 , 81 , 82 , 83 , 84 , 91 , 93 ","Senate District: 4  , 5  ",Assessed Valuation: $0,Tax Levy: $0.0000,,,,,,,,,,,,,,,,,,,,,,,,,,,,,Herzog Elem. (4900),"5831 Pamplin Pl St. Louis, MO 63147-1055",Grade Span:  K-06,Phone: 314-385-2212   Fax:314-385-1925,Principal: Ms. Sandra Bell (7 years in district),E-mail: SANDRA.BELL@SLPS.ORG
St. Louis City  (115-115),Phone: 314-231-3720,801 N 11th St. ,Fax: 314-345-2661,"St. Louis, MO 63101-1401",E-mail: kelvin.adams@slps.org,,County-District Code: 115-115,Supervisory Area: A,County: St. Louis City ,MSIP: Accredited,"Congressional District: 01, 02","House District: 66 , 76 , 77 , 78 , 79 , 80 , 81 , 82 , 83 , 84 , 91 , 93 ","Senate District: 4  , 5  ",Assessed Valuation: $0,Tax Levy: $0.0000,,,,,,,,,,,,,,,,,,,,,,,,,,,,,Hodgen Elem. (4920),"1616 California St. Louis, MO 63104-2046",Grade Span: PK-06,Phone: 314-771-2539   Fax:314-771-2418,Principal: Mr. Brandon Murray (13 years in district),E-mail: BRANDON.MURRAY@SLPS.ORG
St. Louis City  (115-115),Phone: 314-231-3720,801 N 11th St. ,Fax: 314-345-2661,"St. Louis, MO 63101-1401",E-mail: kelvin.adams@slps.org,,County-District Code: 115-115,Supervisory Area: A,County: St. Louis City ,MSIP: Accredited,"Congressional District: 01, 02","House District: 66 , 76 , 77 , 78 , 79 , 80 , 81 , 82 , 83 , 84 , 91 , 93 ","Senate District: 4  , 5  ",Assessed Valuation: $0,Tax Levy: $0.0000,,,,,,,,,,,,,,,,,,,,,,,,,,,,,Humboldt Acad Of Higher Lrning (4960),"2516 S. 9th St. St. Louis, MO 63104-0000",Grade Span: 03-05,Phone: 314-932-5720   Fax:,Principal: Ms. Jacqueline Russell (26 years in district),E-mail: JACQUELINE.RUSSELL@SLPS.ORG
St. Louis City  (115-115),Phone: 314-231-3720,801 N 11th St. ,Fax: 314-345-2661,"St. Louis, MO 63101-1401",E-mail: kelvin.adams@slps.org,,County-District Code: 115-115,Supervisory Area: A,County: St. Louis City ,MSIP: Accredited,"Congressional District: 01, 02","House District: 66 , 76 , 77 , 78 , 79 , 80 , 81 , 82 , 83 , 84 , 91 , 93 ","Senate District: 4  , 5  ",Assessed Valuation: $0,Tax Levy: $0.0000,,,,,,,,,,,,,,,,,,,,,,,,,,,,,Nahed Chapman New American Aca (4970),"1530 South Grand St. Louis, MO 63104-0000",Grade Span:  K-08,Phone: 314-776-3285   Fax:314-244-1711,Principal: Dr. Nicole Conaway (8 years in district),E-mail: 
St. Louis City  (115-115),Phone: 314-231-3720,801 N 11th St. ,Fax: 314-345-2661,"St. Louis, MO 63101-1401",E-mail: kelvin.adams@slps.org,,County-District Code: 115-115,Supervisory Area: A,County: St. Louis City ,MSIP: Accredited,"Congressional District: 01, 02","House District: 66 , 76 , 77 , 78 , 79 , 80 , 81 , 82 , 83 , 84 , 91 , 93 ","Senate District: 4  , 5  ",Assessed Valuation: $0,Tax Levy: $0.0000,,,,,,,,,,,,,,,,,,,,,,,,,,,,,Acad Of Envt Sci/Math Elem (4990),"3325 Bell St. Louis, MO 63106-0000",Grade Span:  K-05,Phone: 314-932-1464   Fax:,Principal: Ms. Jennene Anthony (6 years in district),E-mail: JENNENE.ANTHONY@SLPS.ORG
St. Louis City  (115-115),Phone: 314-231-3720,801 N 11th St. ,Fax: 314-345-2661,"St. Louis, MO 63101-1401",E-mail: kelvin.adams@slps.org,,County-District Code: 115-115,Supervisory Area: A,County: St. Louis City ,MSIP: Accredited,"Congressional District: 01, 02","House District: 66 , 76 , 77 , 78 , 79 , 80 , 81 , 82 , 83 , 84 , 91 , 93 ","Senate District: 4  , 5  ",Assessed Valuation: $0,Tax Levy: $0.0000,,,,,,,,,,,,,,,,,,,,,,,,,,,,,Jefferson Elem. (5020),"1301 Hogan St. St. Louis, MO 63106-4732",Grade Span: PK-05,Phone: 314-231-2459   Fax:314-231-2905,Principal: Dr. Kristen Taylor (5 years in district),E-mail: KRISTEN.TAYLOR@SLPS.ORG
St. Louis City  (115-115),Phone: 314-231-3720,801 N 11th St. ,Fax: 314-345-2661,"St. Louis, MO 63101-1401",E-mail: kelvin.adams@slps.org,,County-District Code: 115-115,Supervisory Area: A,County: St. Louis City ,MSIP: Accredited,"Congressional District: 01, 02","House District: 66 , 76 , 77 , 78 , 79 , 80 , 81 , 82 , 83 , 84 , 91 , 93 ","Senate District: 4  , 5  ",Assessed Valuation: $0,Tax Levy: $0.0000,,,,,,,,,,,,,,,,,,,,,,,,,,,,,Kennard/Classical Jr. Acad. (5030),"5031 Potomac St. Louis, MO 63139-1316",Grade Span: PK-05,Phone: 314-353-8875   Fax:314-351-0441,Principal: Dr. Wanda Leflore (31 years in district),E-mail: WANDA.LEFLORE@SLPS.ORG
St. Louis City  (115-115),Phone: 314-231-3720,801 N 11th St. ,Fax: 314-345-2661,"St. Louis, MO 63101-1401",E-mail: kelvin.adams@slps.org,,County-District Code: 115-115,Supervisory Area: A,County: St. Louis City ,MSIP: Accredited,"Congressional District: 01, 02","House District: 66 , 76 , 77 , 78 , 79 , 80 , 81 , 82 , 83 , 84 , 91 , 93 ","Senate District: 4  , 5  ",Assessed Valuation: $0,Tax Levy: $0.0000,,,,,,,,,,,,,,,,,,,,,,,,,,,,,Laclede Elem. (5060),"5821 Kennerly Avenue St. Louis, MO 63112-3821",Grade Span: PK-06,Phone: 314-385-0546   Fax:314-385-7294,Principal: Dr. Damaris White (22 years in district),E-mail: DAMARIS.WHITE@SLPS.ORG
St. Louis City  (115-115),Phone: 314-231-3720,801 N 11th St. ,Fax: 314-345-2661,"St. Louis, MO 63101-1401",E-mail: kelvin.adams@slps.org,,County-District Code: 115-115,Supervisory Area: A,County: St. Louis City ,MSIP: Accredited,"Congressional District: 01, 02","House District: 66 , 76 , 77 , 78 , 79 , 80 , 81 , 82 , 83 , 84 , 91 , 93 ","Senate District: 4  , 5  ",Assessed Valuation: $0,Tax Levy: $0.0000,,,,,,,,,,,,,,,,,,,,,,,,,,,,,Lexington Elem. (5100),"5030 Lexington Avenue St. Louis, MO 63115-1594",Grade Span: PK-05,Phone: 314-385-2522   Fax:314-385-4158,Principal: Dr. Myra M Pendleton (13 years in district),E-mail: MYRA.PENDLETON@SLPS.ORG
St. Louis City  (115-115),Phone: 314-231-3720,801 N 11th St. ,Fax: 314-345-2661,"St. Louis, MO 63101-1401",E-mail: kelvin.adams@slps.org,,County-District Code: 115-115,Supervisory Area: A,County: St. Louis City ,MSIP: Accredited,"Congressional District: 01, 02","House District: 66 , 76 , 77 , 78 , 79 , 80 , 81 , 82 , 83 , 84 , 91 , 93 ","Senate District: 4  , 5  ",Assessed Valuation: $0,Tax Levy: $0.0000,,,,,,,,,,,,,,,,,,,,,,,,,,,,,Lyon At Blow Elem. (5180),"516 Loughborough Avenue St. Louis, MO 63111-2727",Grade Span:  K-08,Phone: 314-353-1353   Fax:314-481-8625,Principal: Dr. Ingrid Iskali (19 years in district),E-mail: INGRID.ISKALI@SLPS.ORG
St. Louis City  (115-115),Phone: 314-231-3720,801 N 11th St. ,Fax: 314-345-2661,"St. Louis, MO 63101-1401",E-mail: kelvin.adams@slps.org,,County-District Code: 115-115,Supervisory Area: A,County: St. Louis City ,MSIP: Accredited,"Congressional District: 01, 02","House District: 66 , 76 , 77 , 78 , 79 , 80 , 81 , 82 , 83 , 84 , 91 , 93 ","Senate District: 4  , 5  ",Assessed Valuation: $0,Tax Levy: $0.0000,,,,,,,,,,,,,,,,,,,,,,,,,,,,,Mallinckrodt A.B.I Elem. (5240),"6020 Pernod Avenue St. Louis, MO 63139-1909",Grade Span: PK-05,Phone: 314-352-9212   Fax:314-352-3142,Principal: Mr. Deandre Thomas (4 years in district),E-mail: DEANDRE.THOMAS@SLPS.ORG
St. Louis City  (115-115),Phone: 314-231-3720,801 N 11th St. ,Fax: 314-345-2661,"St. Louis, MO 63101-1401",E-mail: kelvin.adams@slps.org,,County-District Code: 115-115,Supervisory Area: A,County: St. Louis City ,MSIP: Accredited,"Congressional District: 01, 02","House District: 66 , 76 , 77 , 78 , 79 , 80 , 81 , 82 , 83 , 84 , 91 , 93 ","Senate District: 4  , 5  ",Assessed Valuation: $0,Tax Levy: $0.0000,,,,,,,,,,,,,,,,,,,,,,,,,,,,,Mann Elem. (5260),"4047 Juniata St. St. Louis, MO 63116-3913",Grade Span: PK-06,Phone: 314-772-4545   Fax:314-772-6348,Principal: Dr. Angela Glass (22 years in district),E-mail: ANGELA.GLASS@SLPS.ORG
St. Louis City  (115-115),Phone: 314-231-3720,801 N 11th St. ,Fax: 314-345-2661,"St. Louis, MO 63101-1401",E-mail: kelvin.adams@slps.org,,County-District Code: 115-115,Supervisory Area: A,County: St. Louis City ,MSIP: Accredited,"Congressional District: 01, 02","House District: 66 , 76 , 77 , 78 , 79 , 80 , 81 , 82 , 83 , 84 , 91 , 93 ","Senate District: 4  , 5  ",Assessed Valuation: $0,Tax Levy: $0.0000,,,,,,,,,,,,,,,,,,,,,,,,,,,,,Mason Elem. (5340),"6031 Southwest Avenue St. Louis, MO 63139-2757",Grade Span: PK-06,Phone: 314-645-1201   Fax:314-645-0884,Principal: Ms. Deborah A Leto (25 years in district),E-mail: DEBORAH.LETO@SLPS.ORG
St. Louis City  (115-115),Phone: 314-231-3720,801 N 11th St. ,Fax: 314-345-2661,"St. Louis, MO 63101-1401",E-mail: kelvin.adams@slps.org,,County-District Code: 115-115,Supervisory Area: A,County: St. Louis City ,MSIP: Accredited,"Congressional District: 01, 02","House District: 66 , 76 , 77 , 78 , 79 , 80 , 81 , 82 , 83 , 84 , 91 , 93 ","Senate District: 4  , 5  ",Assessed Valuation: $0,Tax Levy: $0.0000,,,,,,,,,,,,,,,,,,,,,,,,,,,,,Meramec Elem. (5500),"2745 Meramec St. St. Louis, MO 63118-4533",Grade Span: PK-05,Phone: 314-353-7145   Fax:314-353-6783,Principal: Mr. Jonathan R Strong (2 years in district),E-mail: JONATHAN.STRONG@SLPS.ORG
St. Louis City  (115-115),Phone: 314-231-3720,801 N 11th St. ,Fax: 314-345-2661,"St. Louis, MO 63101-1401",E-mail: kelvin.adams@slps.org,,County-District Code: 115-115,Supervisory Area: A,County: St. Louis City ,MSIP: Accredited,"Congressional District: 01, 02","House District: 66 , 76 , 77 , 78 , 79 , 80 , 81 , 82 , 83 , 84 , 91 , 93 ","Senate District: 4  , 5  ",Assessed Valuation: $0,Tax Levy: $0.0000,,,,,,,,,,,,,,,,,,,,,,,,,,,,,Elias Michael Elem. (5520),"2 Gateway Drive St. Louis, MO 63106-2131",Grade Span: PK-08,Phone: 314-241-0993   Fax:314-241-1335,Principal: Dr. Rose Mary T Howard (34 years in district),E-mail: ROSE.HOWARD@SLPS.ORG
St. Louis City  (115-115),Phone: 314-231-3720,801 N 11th St. ,Fax: 314-345-2661,"St. Louis, MO 63101-1401",E-mail: kelvin.adams@slps.org,,County-District Code: 115-115,Supervisory Area: A,County: St. Louis City ,MSIP: Accredited,"Congressional District: 01, 02","House District: 66 , 76 , 77 , 78 , 79 , 80 , 81 , 82 , 83 , 84 , 91 , 93 ","Senate District: 4  , 5  ",Assessed Valuation: $0,Tax Levy: $0.0000,,,,,,,,,,,,,,,,,,,,,,,,,,,,,Monroe Elem. (5560),"3641 Missouri Avenue St. Louis, MO 63118-4020",Grade Span: PK-06,Phone: 314-776-7315   Fax:314-776-7339,Principal: Ms. Sonya Wayne (29 years in district),E-mail: SONYA.WAYNE@SLPS.ORG
St. Louis City  (115-115),Phone: 314-231-3720,801 N 11th St. ,Fax: 314-345-2661,"St. Louis, MO 63101-1401",E-mail: kelvin.adams@slps.org,,County-District Code: 115-115,Supervisory Area: A,County: St. Louis City ,MSIP: Accredited,"Congressional District: 01, 02","House District: 66 , 76 , 77 , 78 , 79 , 80 , 81 , 82 , 83 , 84 , 91 , 93 ","Senate District: 4  , 5  ",Assessed Valuation: $0,Tax Levy: $0.0000,,,,,,,,,,,,,,,,,,,,,,,,,,,,,Mullanphy Botanical Gardens (5590),"4221 Shaw Boulevard St. Louis, MO 63110-3526",Grade Span: PK-05,Phone: 314-772-0994   Fax:314-865-3759,Principal: Ms. Kelli J Casper (14 years in district),E-mail: KELLI.CASPER@SLPS.ORG
St. Louis City  (115-115),Phone: 314-231-3720,801 N 11th St. ,Fax: 314-345-2661,"St. Louis, MO 63101-1401",E-mail: kelvin.adams@slps.org,,County-District Code: 115-115,Supervisory Area: A,County: St. Louis City ,MSIP: Accredited,"Congressional District: 01, 02","House District: 66 , 76 , 77 , 78 , 79 , 80 , 81 , 82 , 83 , 84 , 91 , 93 ","Senate District: 4  , 5  ",Assessed Valuation: $0,Tax Levy: $0.0000,,,,,,,,,,,,,,,,,,,,,,,,,,,,,Oak Hill Elem. (5600),"4300 Morganford Road St. Louis, MO 63116-1504",Grade Span: PK-05,Phone: 314-481-0420   Fax:314-481-2371,Principal: Ms. Tina Hamilton (11 years in district),E-mail: TINA.HAMILTON@SLPS.ORG
St. Louis City  (115-115),Phone: 314-231-3720,801 N 11th St. ,Fax: 314-345-2661,"St. Louis, MO 63101-1401",E-mail: kelvin.adams@slps.org,,County-District Code: 115-115,Supervisory Area: A,County: St. Louis City ,MSIP: Accredited,"Congressional District: 01, 02","House District: 66 , 76 , 77 , 78 , 79 , 80 , 81 , 82 , 83 , 84 , 91 , 93 ","Senate District: 4  , 5  ",Assessed Valuation: $0,Tax Levy: $0.0000,,,,,,,,,,,,,,,,,,,,,,,,,,,,,"Earl Nance, Sr. Elem. (5610)","8959 Riverview Boulevard St. Louis, MO 63147-1475",Grade Span: PK-06,Phone: 314-867-0634   Fax:314-867-1006,Principal: Ms. Jana T Haywood (13 years in district),E-mail: JANA.HAYWOOD@SLPS.ORG
St. Louis City  (115-115),Phone: 314-231-3720,801 N 11th St. ,Fax: 314-345-2661,"St. Louis, MO 63101-1401",E-mail: kelvin.adams@slps.org,,County-District Code: 115-115,Supervisory Area: A,County: St. Louis City ,MSIP: Accredited,"Congressional District: 01, 02","House District: 66 , 76 , 77 , 78 , 79 , 80 , 81 , 82 , 83 , 84 , 91 , 93 ","Senate District: 4  , 5  ",Assessed Valuation: $0,Tax Levy: $0.0000,,,,,,,,,,,,,,,,,,,,,,,,,,,,,Peabody Elem. (5620),"1224 S 14th St. St. Louis, MO 63104-3004",Grade Span: PK-05,Phone: 314-241-1533   Fax:314-241-2805,Principal: Mrs. Monica R Miller-Seawood (4 years in district),E-mail: MONICA.MILLER@SLPS.ORG
St. Louis City  (115-115),Phone: 314-231-3720,801 N 11th St. ,Fax: 314-345-2661,"St. Louis, MO 63101-1401",E-mail: kelvin.adams@slps.org,,County-District Code: 115-115,Supervisory Area: A,County: St. Louis City ,MSIP: Accredited,"Congressional District: 01, 02","House District: 66 , 76 , 77 , 78 , 79 , 80 , 81 , 82 , 83 , 84 , 91 , 93 ","Senate District: 4  , 5  ",Assessed Valuation: $0,Tax Levy: $0.0000,,,,,,,,,,,,,,,,,,,,,,,,,,,,,Shaw Visual/Perf. Arts Center (5780),"5329 Columbia Avenue St. Louis, MO 63139-1443",Grade Span: PK-05,Phone: 314-776-5091   Fax:314-776-5124,Principal: Dr. Lori L Craig (22 years in district),E-mail: LORI.CRAIG@SLPS.ORG
St. Louis City  (115-115),Phone: 314-231-3720,801 N 11th St. ,Fax: 314-345-2661,"St. Louis, MO 63101-1401",E-mail: kelvin.adams@slps.org,,County-District Code: 115-115,Supervisory Area: A,County: St. Louis City ,MSIP: Accredited,"Congressional District: 01, 02","House District: 66 , 76 , 77 , 78 , 79 , 80 , 81 , 82 , 83 , 84 , 91 , 93 ","Senate District: 4  , 5  ",Assessed Valuation: $0,Tax Levy: $0.0000,,,,,,,,,,,,,,,,,,,,,,,,,,,,,Shenandoah Elem. (5800),"3412 Shenandoah Avenue St. Louis, MO 63104-1722",Grade Span: PK-06,Phone: 314-772-7544   Fax:314-772-8581,Principal: Ms. Brenda C Smith (21 years in district),E-mail: BRENDA.SMITH2@SLPS.ORG
St. Louis City  (115-115),Phone: 314-231-3720,801 N 11th St. ,Fax: 314-345-2661,"St. Louis, MO 63101-1401",E-mail: kelvin.adams@slps.org,,County-District Code: 115-115,Supervisory Area: A,County: St. Louis City ,MSIP: Accredited,"Congressional District: 01, 02","House District: 66 , 76 , 77 , 78 , 79 , 80 , 81 , 82 , 83 , 84 , 91 , 93 ","Senate District: 4  , 5  ",Assessed Valuation: $0,Tax Levy: $0.0000,,,,,,,,,,,,,,,,,,,,,,,,,,,,,Sigel Elem. Comm. Ed. Center (5860),"2050 Allen Avenue St. Louis, MO 63104-2629",Grade Span: PK-06,Phone: 314-771-0010   Fax:314-771-4527,Principal: Dr. Hollie Russell-West (6 years in district),E-mail: HOLLIE.RUSSELL-WEST@SLPS.ORG
St. Louis City  (115-115),Phone: 314-231-3720,801 N 11th St. ,Fax: 314-345-2661,"St. Louis, MO 63101-1401",E-mail: kelvin.adams@slps.org,,County-District Code: 115-115,Supervisory Area: A,County: St. Louis City ,MSIP: Accredited,"Congressional District: 01, 02","House District: 66 , 76 , 77 , 78 , 79 , 80 , 81 , 82 , 83 , 84 , 91 , 93 ","Senate District: 4  , 5  ",Assessed Valuation: $0,Tax Levy: $0.0000,,,,,,,,,,,,,,,,,,,,,,,,,,,,,Stix Early Childhood Center (5930),"647 Tower Grove Avenue St. Louis, MO 63110-1637",Grade Span: PK-02,Phone: 314-533-0874   Fax:314-533-8262,Principal: Ms. Diane S Dymond (22 years in district),E-mail: DIANE.DYMOND@SLPS.ORG
St. Louis City  (115-115),Phone: 314-231-3720,801 N 11th St. ,Fax: 314-345-2661,"St. Louis, MO 63101-1401",E-mail: kelvin.adams@slps.org,,County-District Code: 115-115,Supervisory Area: A,County: St. Louis City ,MSIP: Accredited,"Congressional District: 01, 02","House District: 66 , 76 , 77 , 78 , 79 , 80 , 81 , 82 , 83 , 84 , 91 , 93 ","Senate District: 4  , 5  ",Assessed Valuation: $0,Tax Levy: $0.0000,,,,,,,,,,,,,,,,,,,,,,,,,,,,,Walbridge Elem. Community Ed. (5960),"5000 Davison Avenue St. Louis, MO 63120-2319",Grade Span: PK-06,Phone: 314-383-1829   Fax:314-383-2292,Principal: Ms. Mildred Moore (33 years in district),E-mail: MILDRED.MOORE@SLPS.ORG
St. Louis City  (115-115),Phone: 314-231-3720,801 N 11th St. ,Fax: 314-345-2661,"St. Louis, MO 63101-1401",E-mail: kelvin.adams@slps.org,,County-District Code: 115-115,Supervisory Area: A,County: St. Louis City ,MSIP: Accredited,"Congressional District: 01, 02","House District: 66 , 76 , 77 , 78 , 79 , 80 , 81 , 82 , 83 , 84 , 91 , 93 ","Senate District: 4  , 5  ",Assessed Valuation: $0,Tax Levy: $0.0000,,,,,,,,,,,,,,,,,,,,,,,,,,,,,Woerner Elem. (5970),"6131 Leona St. St. Louis, MO 63116-2922",Grade Span: PK-05,Phone: 314-481-8585   Fax:314-351-2272,Principal: Ms. Margaret Meyer (26 years in district),E-mail: MARGARET.MEYER@SLPS.ORG
St. Louis City  (115-115),Phone: 314-231-3720,801 N 11th St. ,Fax: 314-345-2661,"St. Louis, MO 63101-1401",E-mail: kelvin.adams@slps.org,,County-District Code: 115-115,Supervisory Area: A,County: St. Louis City ,MSIP: Accredited,"Congressional District: 01, 02","House District: 66 , 76 , 77 , 78 , 79 , 80 , 81 , 82 , 83 , 84 , 91 , 93 ","Senate District: 4  , 5  ",Assessed Valuation: $0,Tax Levy: $0.0000,,,,,,,,,,,,,,,,,,,,,,,,,,,,,Washington Montessori (6010),"1130 N Euclid Avenue St. Louis, MO 63113-2010",Grade Span: PK-05,Phone: 314-361-0432   Fax:314-361-2760,Principal: Ms. Lisa Small (13 years in district),E-mail: LISA.SMALL@SLPS.ORG
St. Louis City  (115-115),Phone: 314-231-3720,801 N 11th St. ,Fax: 314-345-2661,"St. Louis, MO 63101-1401",E-mail: kelvin.adams@slps.org,,County-District Code: 115-115,Supervisory Area: A,County: St. Louis City ,MSIP: Accredited,"Congressional District: 01, 02","House District: 66 , 76 , 77 , 78 , 79 , 80 , 81 , 82 , 83 , 84 , 91 , 93 ","Senate District: 4  , 5  ",Assessed Valuation: $0,Tax Levy: $0.0000,,,,,,,,,,,,,,,,,,,,,,,,,,,,,Wilkinson Early Childhood Center (6030),"1921 Prather Avenue St. Louis, MO 63139-3404",Grade Span: PK-02,Phone: 314-645-1202   Fax:314-645-2618,Principal: Ms. Yvette Levy (11 years in district),E-mail: YVETTE.LEVY@SLPS.ORG
St. Louis City  (115-115),Phone: 314-231-3720,801 N 11th St. ,Fax: 314-345-2661,"St. Louis, MO 63101-1401",E-mail: kelvin.adams@slps.org,,County-District Code: 115-115,Supervisory Area: A,County: St. Louis City ,MSIP: Accredited,"Congressional District: 01, 02","House District: 66 , 76 , 77 , 78 , 79 , 80 , 81 , 82 , 83 , 84 , 91 , 93 ","Senate District: 4  , 5  ",Assessed Valuation: $0,Tax Levy: $0.0000,,,,,,,,,,,,,,,,,,,,,,,,,,,,,Woodward Elem. (6120),"725 Bellerive Boulevard St. Louis, MO 63111-2130",Grade Span: PK-05,Phone: 314-353-1346   Fax:314-353-5768,Principal: Dr. Carla C Cunigan (4 years in district),E-mail: CARLA.CUNIGAN@SLPS.ORG
St. Louis City  (115-115),Phone: 314-231-3720,801 N 11th St. ,Fax: 314-345-2661,"St. Louis, MO 63101-1401",E-mail: kelvin.adams@slps.org,,County-District Code: 115-115,Supervisory Area: A,County: St. Louis City ,MSIP: Accredited,"Congressional District: 01, 02","House District: 66 , 76 , 77 , 78 , 79 , 80 , 81 , 82 , 83 , 84 , 91 , 93 ","Senate District: 4  , 5  ",Assessed Valuation: $0,Tax Levy: $0.0000,,,,,,,,,,,,,,,,,,,,,,,,,,,,,St. Louis Children's Hospital (6340),"400 S Kingshighway Boulevard St. Louis, MO 63110-1014",Grade Span:  K-12,Phone: 314-454-2470   Fax:314-454-4560,Principal: Ms. Candice B Boyd (4 years in district),E-mail: CANDICE.BOYD@SLPS.ORG
St. Louis City  (115-115),Phone: 314-231-3720,801 N 11th St. ,Fax: 314-345-2661,"St. Louis, MO 63101-1401",E-mail: kelvin.adams@slps.org,,County-District Code: 115-115,Supervisory Area: A,County: St. Louis City ,MSIP: Accredited,"Congressional District: 01, 02","House District: 66 , 76 , 77 , 78 , 79 , 80 , 81 , 82 , 83 , 84 , 91 , 93 ","Senate District: 4  , 5  ",Assessed Valuation: $0,Tax Levy: $0.0000,,,,,,,,,,,,,,,,,,,,,,,,,,,,,Vicc (9990),"801 N 11th St. St. Louis, MO 63101-1401",Grade Span:  K-12,Phone: 314-345-4452   Fax:,Principal:    (10 years in district),E-mail: 
St. Louis City  (115-115),Phone: 314-231-3720,801 N 11th St. ,Fax: 314-345-2661,"St. Louis, MO 63101-1401",E-mail: kelvin.adams@slps.org,,County-District Code: 115-115,Supervisory Area: A,County: St. Louis City ,MSIP: Accredited,"Congressional District: 01, 02","House District: 66 , 76 , 77 , 78 , 79 , 80 , 81 , 82 , 83 , 84 , 91 , 93 ","Senate District: 4  , 5  ",Assessed Valuation: $0,Tax Levy: $0.0000,,,,,,,,,,,,,,,,,,,,,,,,,,,,,Vo. Tech. Tuition (9995),"801 N 11th St. St. Louis, MO 63101-1401",Grade Span: 10-12,Phone: 314-345-4452   Fax:,Principal:    (11 years in district),E-mail: 
